Index_accidente;lugar;nodo1;nodo2;peso;Accident_severity;date;time;speed_limit;weather_condition
200501BS00002;Plaza Mayor;40.41490109999872 -3.70632464662998;40.41478607443208 -3.706308302780923;2;2;4/01/2005;17:42;30;2
200501BS00003;Plaza de la Provincia;40.41478607443208 -3.706308302780923;40.41483404954239 -3.7056757268322182;3;3;5/01/2005;17:36;30;1
200501BS00004;Plaza de Santa Cruz;40.41483404954239 -3.7056757268322182;40.41529915470686 -3.705504090090046;3;3;6/01/2005;00:15;30;1
200501BS00005;C. de Esparteros 13;40.41529915470686 -3.705504090090046;40.41651176561341 -3.7051608287323137;2;3;7/01/2005;10:35;30;1
200501BS00006;Casa Palazuelo;40.41651176561341 -3.7051608287323137;40.416445997637254 -3.705791170636661;1;3;10/01/2005;21:13;30;1
200501BS00007;C. Mayor 6;40.416445997637254 -3.705791170636661;40.41711535232118 -3.7059468194421705;2;3;11/01/2005;12:40;30;2
200501BS00008;C. del Arenal 9;40.41711535232118 -3.7059468194421705;40.4179726154557 -3.7056303508201;3;3;13/01/2005;20:40;30;1
200501BS00009;C. del Maestro Victoria 3;40.4179726154557 -3.7056303508201;40.41830756857774 -3.706555834341488;5;3;14/01/2005;17:35;30;1
200501BS00010;C. del Postigo de San Martín 16;40.41830756857774 -3.706555834341488;40.41824996760171 -3.7068052968979894;1;3;15/01/2005;22:43;30;1
200501BS00011;Pl. de San Martín ;40.41824996760171 -3.7068052968979894;40.41832552345317 -3.7071539840053536;2;3;15/01/2005;16:00;30;1
200501BS00012;Plaza de Jacinto Benavente;40.41436180559483 -3.704042286205891;40.41483404954239 -3.7056757268322182;6;3;16/01/2005;00:42;30;1
200501BS00013;C. de Concepción Jerónima;40.414010090999724 -3.7045787932776286;40.41436180559483 -3.704042286205891;2;3;25/01/2005;20:48;30;1
200501BS00014;C. del Salvador 16;40.41397697014284 -3.706311558450064;40.414010090999724 -3.7045787932776286;3;3;11/01/2005;12:55;30;2
200501BS00015;C. del Salvador 1;40.41437272691902 -3.706381388904106;40.41397697014284 -3.706311558450064;3;3;18/01/2005;05:01;30;2
200501BS00016;Plaza Mayor;40.41490109999872 -3.70632464662998;40.41437272691902 -3.706381388904106;2;3;18/01/2005;11:15;30;1
200501BS00017;C. Imperial 5;40.41469899122043 -3.7068374270231774;40.41490109999872 -3.70632464662998;1;3;18/01/2005;10:50;30;1
200501BS00018;C. de Gerona 14;40.41516415561746 -3.706751620792851;40.41469899122043 -3.7068374270231774;2;2;20/01/2005;00:15;30;1
200501BS00019;C. Imperial 14;40.41438813614724 -3.7071754097974714;40.41469899122043 -3.7068374270231774;3;3;21/01/2005;09:15;30;1
200501BS00020;C. del Salvador 1;40.41437272691902 -3.706381388904106;40.41438813614724 -3.7071754097974714;5;3;21/01/2005;21:16;30;1
200501BS00021;C. de Toledo 14 Bajo Izda;40.414298726907205 -3.7075508946082905;40.41438813614724 -3.7071754097974714;1;2;8/01/2005;03:00;30;1
200501BS00022;C. de Toledo 28 2ºA;40.41362795412976 -3.7074637889293753;40.414298726907205 -3.7075508946082905;2;3;24/01/2005;21:45;30;1
200501BS00023;C. del Salvador 16;40.41397697014284 -3.706311558450064;40.41362795412976 -3.7074637889293753;6;3;24/01/2005;17:05;30;1
200501BS00024;Calle de la Colegiata;40.41306163991905 -3.7065154991243037;40.41397697014284 -3.706311558450064;2;3;24/01/2005;21:30;30;1
200501BS00025;Esq. Plaza Segovia Calle de Toledo 30;40.41341240206413 -3.7074704176458106;40.41306163991905 -3.7065154991243037;5;3;18/01/2005;17:25;30;1
200501BS00026;C. de Toledo 28 2ºA;40.41362795412976 -3.7074637889293753;40.41341240206413 -3.7074704176458106;4;3;29/01/2005;07:34;30;1
200501BS00027;Pl. de Tirso de Molina 1B;40.41260368877389 -3.7051100740197835;40.41306163991905 -3.7065154991243037;2;3;19/01/2005;16:35;30;2
200501BS00028;Tirso dePlaza Pl. de Tirso de Molina 11;40.412035504778466 -3.7054105588280413;40.41260368877389 -3.7051100740197835;4;3;30/01/2005;20:00;30;1
200501BS00029;C. de Toledo 30;40.41334685956094 -3.707434400548294;40.412035504778466 -3.7054105588280413;1;3;29/01/2005;13:15;30;2
200501BS00030;C. de Toledo 38;40.41269702232539 -3.707552468664792;40.41334685956094 -3.707434400548294;3;3;1/02/2005;18:20;30;2
200501BS00031;C. de Toledo 47;40.41219007265042 -3.7078744165582536;40.41269702232539 -3.707552468664792;2;3;2/02/2005;07:25;30;1
200501BS00032;Calle del Conde de Romanones 18;40.41262002652968 -3.7050993451724428;40.41306163991905 -3.7065154991243037;6;2;1/02/2005;17:30;30;2
200501BS00033;C. de Concepción Jerónima;40.414010090999724 -3.7045787932776286;40.41262002652968 -3.7050993451724428;3;3;3/02/2005;12:30;30;9
200501BS00034;Pl. de Tirso de Molina 18;40.412505218274354 -3.7039997169535956;40.41260368877389 -3.7051100740197835;4;3;12/02/2005;09:55;30;1
200501BS00035;C. de los Relatores 22;40.41252516728539 -3.703447216428759;40.412505218274354 -3.7039997169535956;1;3;3/02/2005;13:00;30;2
200501BS00036;C. de Atocha 19 1-izq;40.41418709548928 -3.7035813619187707;40.412505218274354 -3.7039997169535956;5;3;1/02/2005;13:02;30;1
200501BS00037;Plaza de Jacinto Benavente;40.41436180559483 -3.704042286205891;40.41418709548928 -3.7035813619187707;4;3;3/02/2005;22:55;30;1
200501BS00038;C. de Atocha;40.4139161506803 -3.702862179531099;40.41418709548928 -3.7035813619187707;2;3;3/02/2005;17:30;30;1
200501BS00039;C. de Carretas 33;40.414546161065466 -3.7030888262076895;40.41418709548928 -3.7035813619187707;5;3;6/02/2005;15:00;30;1
200501BS00040;Pl. del Ángel 12;40.41435818744664 -3.70227789791608;40.414546161065466 -3.7030888262076895;7;3;5/02/2005;21:25;30;1
200501BS00041;C. de Espoz y Mina 23;40.41511334337423 -3.7023423244860427;40.414546161065466 -3.7030888262076895;1;3;3/02/2005;12:41;30;1
200501BS00042;Pl. del Ángel 12;40.41435818744664 -3.70227789791608;40.41511334337423 -3.7023423244860427;4;3;4/02/2005;23:35;30;1
200501BS00043;Plaza del Angel;40.41415302942035 -3.7014411292825806;40.41435818744664 -3.70227789791608;4;3;7/02/2005;09:15;30;1
200501BS00044;C. de Atocha 28 ;40.41352763640918 -3.701671821443766;40.41415302942035 -3.7014411292825806;2;3;12/02/2005;13:25;30;1
200501BS00045;C. de Atocha 26;40.41370277353684 -3.702272666400505;40.41352763640918 -3.701671821443766;6;3;8/02/2005;20:00;30;1
200501BS00046;C. de Atocha;40.4139161506803 -3.702862179531099;40.41370277353684 -3.702272666400505;1;3;16/02/2005;08:20;30;1
200501BS00047;C. de los Relatores 22;40.41252516728539 -3.703447216428759;40.4139161506803 -3.702862179531099;4;3;7/02/2005;11:30;30;1
200501BS00048;Calle de la Magdalena 1;40.41248026941773 -3.7031794017638084;40.41252516728539 -3.703447216428759;4;3;10/02/2005;18:10;30;2
200501BS00049;Calle de la Magdalena;40.412426747121074 -3.7025786366795983;40.41248026941773 -3.7031794017638084;5;3;12/02/2005;11:33;30;1
200501BS00050;C. de Atocha 26;40.41370277353684 -3.702272666400505;40.412426747121074 -3.7025786366795983;12;3;13/02/2005;20:05;30;1
200501BS00051;Palacio del Marqués de Perales Calle de la Magdalena 14;40.412356 -3.701672;40.412426747121074 -3.7025786366795983;2;3;1/02/2005;16:44;30;2
200501BS00052;C. de Atocha 39;40.4134668089408 -3.701562180946397;40.412356 -3.701672;7;3;17/02/2005;18:00;30;2
200501BS00053;C. de Atocha 28 ;40.41352763640918 -3.701671821443766;40.4134668089408 -3.701562180946397;2;3;4/02/2005;10:15;30;1
200501BS00054;C. del Príncipe 13;40.41443844896895 -3.701307041027433;40.41415302942035 -3.7014411292825806;9;2;15/02/2005;18:15;30;1
200501BS00055;C. del Príncipe 14;40.41484637712848 -3.701349966814799;40.41443844896895 -3.701307041027433;15;3;16/02/2005;10:35;30;1
200501BS00056;C. del Príncipe 27;40.414577712196966 -3.7002070390172843;40.41443844896895 -3.701307041027433;10;3;18/02/2005;17:36;30;2
200501BS00057;C. del Prado 6;40.414650762828046 -3.69955527470902;40.414577712196966 -3.7002070390172843;11;3;15/02/2005;16:05;30;1
200501BS00058;Calle de Echegaray 18;40.4151649674462 -3.6995821735612444;40.414650762828046 -3.69955527470902;2;3;10/02/2005;13:56;30;2
200501BS00059;Calle de Echegaray 30;40.41422467632576 -3.699544709143724;40.414650762828046 -3.69955527470902;5;3;16/02/2005;14:10;30;1
200501BS00060;C. del León 8;40.41419289954001 -3.698798968540603;40.41422467632576 -3.699544709143724;4;3;21/02/2005;10:10;30;1
200501BS00061;C. de las Huertas 27-19;40.413657393249345 -3.6990243570335943;40.41419289954001 -3.698798968540603;9;3;20/02/2005;14:50;30;2
200501BS00062;C. de las Huertas 19;40.41376313885882 -3.699560893364432;40.413657393249345 -3.6990243570335943;3;3;22/02/2005;14:43;30;1
200501BS00063;Calle de Echegaray 30;40.41422467632576 -3.699544709143724;40.41376313885882 -3.699560893364432;5;3;21/02/2005;17:20;30;1
200501BS00064;C. de las Huertas 16;40.413875 -3.700119;40.41376313885882 -3.699560893364432;3;3;20/02/2005;12:40;30;1
200501BS00065;C. de las Huertas 1;40.414102 -3.701326;40.413875 -3.700119;1;3;20/02/2005;13:55;30;1
200501BS00066;;;;;3;26/02/2005;22:25;30;1
200501BS00067;;;;;3;28/02/2005;18:14;30;1
200501BS00068;;;;;3;24/02/2005;16:30;30;1
200501BS00069;;;;;3;1/03/2005;19:00;30;2
200501BS00070;;;;;3;23/02/2005;17:13;30;1
200501BS00071;;;;;3;26/02/2005;17:00;30;2
200501BS00072;;;;;3;24/02/2005;09:15;30;3
200501BS00073;;;;;3;25/02/2005;00:11;30;2
200501BS00074;;;;;3;23/02/2005;19:00;30;1
200501BS00075;;;;;3;26/02/2005;01:48;30;8
200501BS00076;;;;;3;23/02/2005;07:58;30;3
200501BS00077;;;;;3;25/02/2005;14:55;30;1
200501BS00078;;;;;3;25/02/2005;08:22;30;3
200501BS00079;;;;;3;25/02/2005;04:38;30;3
200501BS00080;;;;;3;4/03/2005;13:20;30;2
200501BS00081;;;;;3;1/03/2005;00:30;30;1
200501BS00082;;;;;3;28/02/2005;19:30;30;3
200501BS00083;;;;;3;1/03/2005;12:03;30;2
200501BS00084;;;;;3;14/02/2005;23:03;30;1
200501BS00085;;;;;3;2/02/2005;22:19;30;2
200501BS00086;;;;;3;3/03/2005;14:30;30;1
200501BS00087;;;;;2;1/03/2005;19:15;30;2
200501BS00088;;;;;3;1/03/2005;18:31;30;2
200501BS00089;;;;;3;5/03/2005;02:58;30;1
200501BS00090;;;;;3;1/03/2005;10:40;30;1
200501BS00091;;;;;3;8/03/2005;23:40;30;1
200501BS00092;;;;;3;3/03/2005;21:07;30;1
200501BS00093;;;;;2;5/03/2005;18:40;30;2
200501BS00094;;;;;3;5/03/2005;16:55;30;1
200501BS00095;;;;;3;8/03/2005;13:36;30;1
200501BS00096;;;;;3;6/03/2005;01:05;30;1
200501BS00097;;;;;3;8/03/2005;12:20;30;1
200501BS00098;;;;;3;8/03/2005;08:56;30;1
200501BS00099;;;;;3;9/03/2005;16:55;30;1
200501BS00100;;;;;3;9/03/2005;15:35;30;1
200501BS00101;;;;;3;14/03/2005;17:35;30;1
200501BS00102;;;;;3;17/03/2005;09:15;30;1
200501BS00103;;;;;3;13/03/2005;00:15;30;1
200501BS00104;;;;;3;15/03/2005;13:02;30;1
200501BS00105;;;;;3;14/03/2005;20:00;30;1
200501BS00106;;;;;3;15/03/2005;15:31;30;1
200501BS00107;;;;;2;15/03/2005;09:40;30;1
200501BS00108;;;;;2;9/03/2005;09:13;30;1
200501BS00109;;;;;3;18/03/2005;14:41;30;1
200501BS00110;;;;;3;9/03/2005;08:17;30;1
200501BS00111;;;;;3;17/03/2005;11:07;30;1
200501BS00112;;;;;3;17/03/2005;20:55;30;1
200501BS00113;;;;;3;17/03/2005;23:30;30;1
200501BS00114;;;;;3;13/03/2005;20:45;30;1
200501BS00115;;;;;2;16/03/2005;20:20;30;1
200501BS00116;;;;;3;24/03/2005;13:53;30;1
200501BS00117;;;;;3;20/03/2005;14:31;30;1
200501BS00118;;;;;3;21/03/2005;09:22;30;1
200501BS00119;;;;;3;18/03/2005;18:03;30;1
200501BS00120;;;;;3;20/03/2005;13:45;30;1
200501BS00121;;;;;3;23/03/2005;15:45;30;1
200501BS00122;;;;;3;24/02/2005;08:17;30;1
200501BS00123;;;;;3;23/03/2005;23:17;30;1
200501BS00124;;;;;3;24/03/2005;19:20;30;1
200501BS00125;;;;;3;24/03/2005;12:01;30;1
200501BS00126;;;;;3;31/03/2005;23:39;30;1
200501BS00127;;;;;3;21/03/2005;11:40;30;1
200501BS00128;;;;;3;18/03/2005;12:30;30;1
200501BS00129;;;;;3;24/02/2005;12:40;30;2
200501BS00130;;;;;3;24/03/2005;09:20;30;1
200501BS00131;;;;;3;23/03/2005;08:23;30;1
200501BS00132;;;;;3;23/03/2005;18:36;30;1
200501BS00133;;;;;3;31/03/2005;17:10;30;1
200501BS00134;;;;;3;14/03/2005;15:30;30;1
200501BS00135;;;;;3;12/03/2005;03:00;30;1
200501BS00136;;;;;3;9/04/2005;09:45;30;1
200501BS00137;;;;;3;7/04/2005;14:30;30;2
200501BS00138;;;;;3;2/04/2005;11:09;30;1
200501BS00139;;;;;2;17/03/2005;17:00;30;1
200501BS00140;;;;;3;31/03/2005;15:12;30;1
200501BS00141;;;;;3;7/04/2005;13:15;30;1
200501BS00142;;;;;3;31/03/2005;21:25;30;1
200501BS00143;;;;;3;6/04/2005;00:32;30;1
200501BS00144;;;;;3;5/04/2005;08:25;30;1
200501BS00145;;;;;3;8/04/2005;09:04;30;1
200501BS00146;;;;;3;2/04/2005;16:42;30;1
200501BS00147;;;;;3;6/04/2005;08:40;30;2
200501BS00148;;;;;2;1/04/2005;23:40;30;1
200501BS00149;;;;;3;6/04/2005;18:15;30;1
200501BS00150;;;;;2;4/04/2005;06:18;30;1
200501BS00151;;;;;3;8/04/2005;10:40;30;1
200501BS00152;;;;;3;8/04/2005;08:28;30;2
200501BS00153;;;;;3;8/04/2005;12:58;30;1
200501BS00154;;;;;3;10/04/2005;19:25;30;1
200501BS00155;;;;;3;13/03/2005;08:43;30;1
200501BS00156;;;;;3;19/04/2005;13:28;30;2
200501BS00157;;;;;3;3/04/2005;18:15;30;1
200501BS00158;;;;;3;12/04/2005;15:50;30;1
200501BS00159;;;;;3;13/04/2005;09:50;30;2
200501BS00160;;;;;3;14/04/2005;20:05;30;1
200501BS00161;;;;;3;13/04/2005;22:50;30;1
200501BS00162;;;;;3;16/04/2005;10:10;30;1
200501BS00163;;;;;3;16/04/2005;18:45;30;1
200501BS00164;;;;;3;8/04/2005;17:30;30;1
200501BS00165;;;;;3;14/04/2005;09:30;30;1
200501BS00166;;;;;3;14/04/2005;12:55;30;1
200501BS00167;;;;;3;18/04/2005;12:24;30;1
200501BS00168;;;;;3;20/04/2005;17:00;30;1
200501BS00169;;;;;3;19/04/2005;19:25;30;1
200501BS00170;;;;;3;10/04/2005;19:06;30;1
200501BS00171;;;;;3;20/04/2005;07:50;30;1
200501BS00172;;;;;2;16/04/2005;20:42;30;1
200501BS00173;;;;;3;17/04/2005;13:30;30;1
200501BS00174;;;;;3;16/04/2005;21:00;30;1
200501BS00175;;;;;3;16/04/2005;17:35;30;1
200501BS00176;;;;;2;16/04/2005;17:30;30;1
200501BS00177;;;;;3;20/04/2005;14:40;30;1
200501BS00178;;;;;3;17/04/2005;00:21;30;1
200501BS00179;;;;;3;23/04/2005;00:55;30;1
200501BS00180;;;;;3;22/04/2005;20:30;30;1
200501BS00181;;;;;3;20/04/2005;08:44;30;1
200501BS00182;;;;;3;25/04/2005;08:45;30;2
200501BS00183;;;;;3;24/04/2005;17:45;30;1
200501BS00184;;;;;3;25/04/2005;19:10;30;1
200501BS00185;;;;;3;23/04/2005;21:20;30;1
200501BS00186;;;;;3;23/04/2005;13:45;30;1
200501BS00187;;;;;3;16/04/2005;17:45;30;1
200501BS00188;;;;;3;28/04/2005;12:45;30;1
200501BS00189;;;;;3;2/05/2005;17:24;30;1
200501BS00190;;;;;3;2/05/2005;18:40;30;1
200501BS00191;;;;;3;29/04/2005;08:39;30;1
200501BS00192;;;;;3;25/04/2005;14:00;30;1
200501BS00193;;;;;3;4/05/2005;05:23;30;1
200501BS00194;;;;;3;29/04/2005;13:48;30;1
200501BS00195;;;;;3;4/05/2005;16:10;30;1
200501BS00196;;;;;3;5/05/2005;18:45;30;1
200501BS00197;;;;;3;5/05/2005;13:00;30;1
200501BS00198;;;;;3;4/05/2005;18:05;30;1
200501BS00199;;;;;2;5/05/2005;21:14;30;1
200501BS00200;;;;;3;6/05/2005;16:20;30;1
200501BS00201;;;;;3;26/04/2005;16:30;30;1
200501BS00202;;;;;3;6/05/2005;12:11;30;1
200501BS00203;;;;;2;26/04/2005;17:18;30;1
200501BS00204;;;;;3;7/05/2005;13:00;30;1
200501BS00205;;;;;3;5/05/2005;23:00;30;1
200501BS00206;;;;;3;1/05/2005;13:28;30;1
200501BS00207;;;;;3;12/05/2005;17:44;30;1
200501BS00208;;;;;3;7/05/2005;16:41;30;1
200501BS00209;;;;;3;12/05/2005;16:38;30;1
200501BS00210;;;;;2;8/05/2005;19:15;30;1
200501BS00211;;;;;3;7/05/2005;18:40;30;1
200501BS00212;;;;;3;7/05/2005;18:55;30;1
200501BS00213;;;;;3;12/05/2005;23:46;30;1
200501BS00214;;;;;3;13/05/2005;11:30;30;1
200501BS00215;;;;;2;8/05/2005;20:23;30;1
200501BS00216;;;;;3;9/05/2005;18:26;30;1
200501BS00217;;;;;3;15/05/2005;14:15;30;1
200501BS00218;;;;;3;12/05/2005;12:56;30;1
200501BS00219;;;;;3;16/05/2005;11:00;30;1
200501BS00220;;;;;3;1/05/2005;03:40;30;1
200501BS00221;;;;;3;30/04/2005;20:10;30;1
200501BS00222;;;;;3;19/05/2005;15:57;30;2
200501BS00223;;;;;3;18/05/2005;19:20;30;1
200501BS00224;;;;;3;15/05/2005;01:41;30;1
200501BS00225;;;;;3;6/05/2005;08:45;30;1
200501BS00226;;;;;3;21/05/2005;21:00;30;1
200501BS00227;;;;;3;25/05/2005;15:15;30;1
200501BS00228;;;;;3;23/05/2005;20:25;30;1
200501BS00229;;;;;3;19/05/2005;12:51;30;1
200501BS00230;;;;;3;20/04/2005;08:30;30;2
200501BS00231;;;;;3;19/05/2005;16:55;30;2
200501BS00232;;;;;2;21/05/2005;22:39;30;1
200501BS00233;;;;;3;25/05/2005;20:17;30;1
200501BS00234;;;;;3;14/04/2005;00:55;30;1
200501BS00235;;;;;3;24/05/2005;13:16;30;2
200501BS00236;;;;;3;21/05/2005;12:25;30;2
200501BS00237;;;;;3;26/05/2005;12:53;30;1
200501BS00238;;;;;3;26/05/2005;20:05;30;1
200501BS00239;;;;;2;26/05/2005;19:28;30;1
200501BS00240;;;;;3;14/05/2005;17:05;30;1
200501BS00241;;;;;3;24/05/2005;16:05;30;1
200501BS00242;;;;;3;6/05/2005;12:07;30;1
200501BS00243;;;;;3;23/05/2005;09:40;30;1
200501BS00244;;;;;3;26/05/2005;15:40;30;1
200501BS00245;;;;;3;3/05/2005;08:53;30;1
200501BS00246;;;;;3;24/05/2005;12:25;30;1
200501BS00247;;;;;3;31/05/2005;19:18;30;1
200501BS00248;;;;;3;29/05/2005;17:20;30;1
200501BS00249;;;;;3;27/05/2005;07:00;30;1
200501BS00250;;;;;3;26/05/2005;16:51;30;1
200501BS00251;;;;;3;1/06/2005;16:45;30;2
200501BS00252;;;;;3;2/06/2005;16:57;30;1
200501BS00253;;;;;3;28/05/2005;13:19;30;1
200501BS00254;;;;;3;25/05/2005;12:30;30;1
200501BS00255;;;;;3;7/06/2005;11:00;30;1
200501BS00256;;;;;3;2/06/2005;08:50;30;1
200501BS00257;;;;;3;3/06/2005;07:50;30;1
200501BS00258;;;;;3;25/05/2005;08:36;30;1
200501BS00259;;;;;3;26/05/2005;09:02;30;1
200501BS00260;;;;;3;6/06/2005;12:30;30;1
200501BS00261;;;;;3;30/05/2005;18:00;30;1
200501BS00262;;;;;2;9/06/2005;15:47;30;1
200501BS00263;;;;;3;7/06/2005;21:50;30;1
200501BS00264;;;;;3;8/06/2005;12:30;30;1
200501BS00265;;;;;3;9/06/2005;10:45;30;1
200501BS00266;;;;;3;8/06/2005;23:19;30;1
200501BS00267;;;;;3;8/06/2005;18:22;30;1
200501BS00268;;;;;2;25/05/2005;11:30;30;1
200501BS00269;;;;;3;10/06/2005;18:00;30;1
200501BS00270;;;;;3;15/06/2005;18:50;30;1
200501BS00271;;;;;3;4/06/2005;20:50;30;1
200501BS00272;;;;;2;2/06/2005;23:26;30;1
200501BS00273;;;;;2;3/06/2005;18:36;30;2
200501BS00274;;;;;2;9/06/2005;08:45;30;1
200501BS00275;;;;;2;6/06/2005;18:40;30;1
200501BS00276;;;;;3;19/05/2005;22:10;30;1
200501BS00277;;;;;3;15/06/2005;08:00;30;1
200501BS00278;;;;;3;10/06/2005;12:00;30;1
200501BS00279;;;;;3;6/06/2005;04:22;30;1
200501BS00280;;;;;3;10/06/2005;13:45;30;1
200501BS00281;;;;;3;11/05/2005;22:35;30;1
200501BS00282;;;;;3;11/06/2005;10:47;30;1
200501BS00283;;;;;3;13/06/2005;21:15;30;1
200501BS00284;;;;;3;15/06/2005;16:00;30;1
200501BS00285;;;;;3;3/06/2005;18:33;30;2
200501BS00286;;;;;3;14/06/2005;19:40;30;1
200501BS00287;;;;;3;16/06/2005;15:45;30;2
200501BS00288;;;;;3;15/06/2005;19:48;30;1
200501BS00289;;;;;3;15/06/2005;10:10;30;2
200501BS00290;;;;;3;15/06/2005;16:20;30;1
200501BS00291;;;;;3;20/06/2005;09:10;30;1
200501BS00292;;;;;3;15/06/2005;10:30;30;2
200501BS00293;;;;;3;20/06/2005;12:13;30;1
200501BS00294;;;;;2;11/06/2005;15:52;30;1
200501BS00295;;;;;3;20/06/2005;18:00;30;1
200501BS00296;;;;;3;20/06/2005;16:50;30;1
200501BS00297;;;;;2;16/06/2005;23:46;30;1
200501BS00298;;;;;3;16/06/2005;16:20;30;2
200501BS00299;;;;;3;16/06/2005;08:58;30;1
200501BS00300;;;;;3;21/06/2005;14:30;30;1
200501BS00301;;;;;3;21/06/2005;15:37;30;1
200501BS00302;;;;;3;16/06/2005;13:20;30;2
200501BS00303;;;;;3;20/06/2005;10:34;30;2
200501BS00304;;;;;3;20/06/2005;10:42;30;1
200501BS00305;;;;;3;20/06/2005;11:05;30;1
200501BS00306;;;;;3;1/07/2005;01:43;30;1
200501BS00307;;;;;3;24/06/2005;09:55;30;1
200501BS00308;;;;;3;30/06/2005;10:00;30;2
200501BS00309;;;;;3;24/06/2005;13:43;30;1
200501BS00310;;;;;3;21/06/2005;07:12;30;1
200501BS00311;;;;;3;23/06/2005;12:50;30;1
200501BS00312;;;;;3;23/06/2005;23:53;30;1
200501BS00313;;;;;3;28/06/2005;19:30;30;1
200501BS00314;;;;;3;29/06/2005;15:35;30;2
200501BS00315;;;;;3;29/06/2005;07:05;30;1
200501BS00316;;;;;2;1/06/2005;11:30;30;1
200501BS00317;;;;;3;23/06/2005;11:50;30;1
200501BS00318;;;;;3;20/06/2005;13:20;30;1
200501BS00319;;;;;3;4/07/2005;07:40;30;1
200501BS00320;;;;;3;30/06/2005;18:54;30;1
200501BS00321;;;;;3;3/07/2005;19:05;30;1
200501BS00322;;;;;3;3/07/2005;17:30;30;1
200501BS00323;;;;;3;30/06/2005;07:55;30;2
200501BS00324;;;;;3;20/06/2005;10:50;30;1
200501BS00325;;;;;2;30/06/2005;23:30;30;1
200501BS00326;;;;;3;6/06/2005;19:49;30;1
200501BS00327;;;;;3;29/06/2005;23:36;30;1
200501BS00328;;;;;3;5/07/2005;18:30;30;2
200501BS00329;;;;;3;30/06/2005;15:45;30;1
200501BS00330;;;;;3;7/07/2005;02:00;30;1
200501BS00331;;;;;3;30/06/2005;17:50;30;1
200501BS00332;;;;;3;1/07/2005;18:04;30;2
200501BS00333;;;;;3;14/07/2005;19:48;30;1
200501BS00334;;;;;2;8/07/2005;13:01;30;1
200501BS00335;;;;;3;9/07/2005;07:00;30;1
200501BS00336;;;;;3;11/07/2005;23:15;30;1
200501BS00337;;;;;3;9/07/2005;18:05;30;1
200501BS00338;;;;;2;10/07/2005;15:50;30;1
200501BS00339;;;;;3;13/07/2005;17:30;30;1
200501BS00340;;;;;3;12/07/2005;13:10;30;1
200501BS00341;;;;;3;16/07/2005;23:20;30;1
200501BS00342;;;;;3;16/07/2005;15:18;30;1
200501BS00343;;;;;3;30/06/2005;14:20;30;1
200501BS00344;;;;;3;30/06/2005;14:00;30;1
200501BS00345;;;;;2;8/07/2005;09:43;30;1
200501BS00346;;;;;3;16/07/2005;16:04;30;1
200501BS00347;;;;;3;30/06/2005;16:25;30;1
200501BS00348;;;;;3;5/07/2005;09:09;30;1
200501BS00349;;;;;3;25/06/2005;16:50;30;1
200501BS00350;;;;;2;17/06/2005;18:50;30;1
200501BS00351;;;;;3;30/06/2005;21:00;30;2
200501BS00352;;;;;3;8/07/2005;07:44;30;1
200501BS00353;;;;;3;6/07/2005;17:45;30;1
200501BS00354;;;;;3;8/07/2005;19:45;30;1
200501BS00355;;;;;3;14/07/2005;00:40;30;1
200501BS00356;;;;;3;15/07/2005;10:15;30;1
200501BS00357;;;;;3;13/07/2005;08:33;30;1
200501BS00358;;;;;2;21/07/2005;17:45;30;1
200501BS00359;;;;;3;11/07/2005;18:40;30;1
200501BS00360;;;;;3;16/06/2005;14:05;30;2
200501BS00361;;;;;3;13/07/2005;17:12;30;1
200501BS00362;;;;;3;13/07/2005;07:45;30;1
200501BS00363;;;;;3;9/07/2005;18:48;30;1
200501BS00364;;;;;2;21/07/2005;16:13;30;1
200501BS00365;;;;;3;19/07/2005;18:20;30;1
200501BS00366;;;;;3;21/07/2005;21:10;30;1
200501BS00367;;;;;3;26/07/2005;20:31;30;1
200501BS00368;;;;;2;14/07/2005;10:20;30;1
200501BS00369;;;;;3;19/07/2005;09:20;30;4
200501BS00370;;;;;3;12/07/2005;08:05;30;1
200501BS00371;;;;;2;27/07/2005;21:16;30;2
200501BS00372;;;;;2;20/07/2005;23:00;30;1
200501BS00373;;;;;3;22/07/2005;11:04;30;1
200501BS00374;;;;;3;16/07/2005;11:57;30;1
200501BS00375;;;;;3;18/07/2005;09:29;30;1
200501BS00376;;;;;3;17/07/2005;17:48;30;1
200501BS00377;;;;;3;24/07/2005;07:30;30;1
200501BS00378;;;;;3;25/07/2005;18:20;30;1
200501BS00379;;;;;3;17/07/2005;20:15;30;1
200501BS00380;;;;;2;21/07/2005;12:30;30;1
200501BS00381;;;;;2;22/07/2005;23:32;30;1
200501BS00382;;;;;2;25/07/2005;09:50;30;2
200501BS00383;;;;;3;29/06/2005;16:00;30;1
200501BS00384;;;;;3;2/08/2005;14:40;30;1
200501BS00385;;;;;3;29/06/2005;11:44;30;1
200501BS00386;;;;;3;3/08/2005;19:20;30;1
200501BS00387;;;;;3;28/07/2005;16:43;30;1
200501BS00388;;;;;3;28/07/2005;16:14;30;1
200501BS00389;;;;;2;5/02/2005;08:00;30;1
200501BS00390;;;;;3;20/07/2005;11:30;30;1
200501BS00391;;;;;3;23/07/2005;12:54;30;1
200501BS00392;;;;;3;27/07/2005;09:50;30;2
200501BS00393;;;;;3;13/07/2005;17:30;30;1
200501BS00394;;;;;3;19/07/2005;14:00;30;1
200501BS00395;;;;;3;27/07/2005;14:00;30;1
200501BS00396;;;;;3;28/07/2005;08:25;30;1
200501BS00397;;;;;3;26/07/2005;08:16;30;1
200501BS00398;;;;;3;3/08/2005;13:00;30;1
200501BS00399;;;;;3;28/07/2005;21:30;30;1
200501BS00400;;;;;3;29/07/2005;13:27;30;1
200501BS00401;;;;;2;28/07/2005;23:07;30;1
200501BS00402;;;;;3;27/07/2005;12:50;30;1
200501BS00403;;;;;3;16/07/2005;15:20;30;1
200501BS00404;;;;;3;19/07/2005;13:25;30;1
200501BS00405;;;;;3;28/07/2005;10:00;30;1
200501BS00406;;;;;3;6/08/2005;16:20;30;1
200501BS00407;;;;;3;2/08/2005;19:05;30;1
200501BS00408;;;;;3;3/08/2005;13:15;30;1
200501BS00409;;;;;3;6/08/2005;16:40;30;1
200501BS00410;;;;;2;3/08/2005;00:30;30;1
200501BS00411;;;;;3;5/08/2005;20:30;30;1
200501BS00412;;;;;3;7/08/2005;16:40;30;1
200501BS00413;;;;;3;25/07/2005;08:55;30;1
200501BS00414;;;;;3;5/08/2005;12:52;30;1
200501BS00415;;;;;3;27/07/2005;19:05;30;2
200501BS00416;;;;;3;28/07/2005;16:40;30;1
200501BS00417;;;;;3;3/08/2005;19:20;30;1
200501BS00418;;;;;3;4/08/2005;14:05;30;1
200501BS00419;;;;;3;10/08/2005;23:18;30;1
200501BS00420;;;;;3;5/08/2005;16:22;30;1
200501BS00421;;;;;2;12/08/2005;10:35;30;1
200501BS00422;;;;;3;9/08/2005;11:09;30;1
200501BS00423;;;;;3;11/08/2005;07:55;30;1
200501BS00424;;;;;3;14/08/2005;12:10;30;1
200501BS00425;;;;;3;2/08/2005;15:30;30;1
200501BS00426;;;;;2;8/08/2005;07:08;30;1
200501BS00427;;;;;3;10/08/2005;16:09;30;1
200501BS00428;;;;;2;13/08/2005;07:59;30;1
200501BS00429;;;;;3;17/08/2005;18:25;30;1
200501BS00430;;;;;3;14/08/2005;17:45;30;1
200501BS00431;;;;;3;14/08/2005;22:36;30;1
200501BS00432;;;;;3;22/08/2005;20:30;30;2
200501BS00433;;;;;3;16/08/2005;15:11;30;1
200501BS00434;;;;;2;15/08/2005;19:55;30;1
200501BS00435;;;;;3;17/08/2005;19:46;30;1
200501BS00436;;;;;3;31/08/2005;16:00;30;1
200501BS00437;;;;;2;16/08/2005;13:49;30;1
200501BS00438;;;;;3;15/08/2005;19:21;30;1
200501BS00439;;;;;3;22/08/2005;10:25;30;2
200501BS00440;;;;;3;19/08/2005;17:35;30;2
200501BS00441;;;;;3;17/08/2005;12:25;30;1
200501BS00442;;;;;3;2/09/2005;19:38;30;1
200501BS00443;;;;;3;8/08/2005;18:19;30;1
200501BS00444;;;;;3;18/08/2005;18:49;30;1
200501BS00445;;;;;2;25/08/2005;07:18;30;1
200501BS00446;;;;;3;2/09/2005;16:30;30;1
200501BS00447;;;;;3;25/08/2005;15:44;30;1
200501BS00448;;;;;3;13/08/2005;16:57;30;2
200501BS00449;;;;;3;16/08/2005;12:20;30;1
200501BS00450;;;;;2;21/08/2005;23:54;30;1
200501BS00451;;;;;3;22/08/2005;17:34;30;2
200501BS00452;;;;;3;6/09/2005;00:10;30;1
200501BS00453;;;;;3;24/08/2005;19:20;30;2
200501BS00454;;;;;3;22/08/2005;17:50;30;1
200501BS00455;;;;;3;9/09/2005;16:20;30;2
200501BS00456;;;;;3;18/08/2005;20:05;30;1
200501BS00457;;;;;3;20/08/2005;18:00;30;1
200501BS00458;;;;;2;3/09/2005;22:55;30;8
200501BS00459;;;;;3;29/08/2005;13:15;30;1
200501BS00460;;;;;3;1/09/2005;18:43;30;1
200501BS00461;;;;;3;27/08/2005;11:40;30;1
200501BS00462;;;;;3;26/08/2005;15:58;30;1
200501BS00463;;;;;3;30/08/2005;09:03;30;1
200501BS00464;;;;;3;31/08/2005;20:09;30;1
200501BS00465;;;;;3;27/08/2005;11:10;30;1
200501BS00466;;;;;3;1/09/2005;07:40;30;1
200501BS00467;;;;;3;14/09/2005;09:25;30;1
200501BS00468;;;;;3;5/09/2005;16:00;30;1
200501BS00469;;;;;3;30/08/2005;08:45;30;1
200501BS00470;;;;;3;7/09/2005;09:09;30;1
200501BS00471;;;;;3;2/09/2005;16:20;30;1
200501BS00472;;;;;3;29/08/2005;12:35;30;1
200501BS00473;;;;;2;13/09/2005;20:46;30;1
200501BS00474;;;;;3;4/09/2005;15:00;30;1
200501BS00475;;;;;3;3/09/2005;18:38;30;1
200501BS00476;;;;;3;2/09/2005;23:55;30;1
200501BS00477;;;;;3;13/09/2005;15:40;30;1
200501BS00478;;;;;3;20/09/2005;16:30;30;1
200501BS00479;;;;;3;19/09/2005;10:35;30;1
200501BS00480;;;;;3;21/09/2005;04:54;30;1
200501BS00481;;;;;3;14/07/2005;09:00;30;1
200501BS00482;;;;;3;13/09/2005;09:00;30;1
200501BS00483;;;;;2;12/09/2005;11:15;30;1
200501BS00484;;;;;3;16/09/2005;08:25;30;1
200501BS00485;;;;;3;14/09/2005;22:10;30;1
200501BS00486;;;;;3;8/09/2005;19:14;30;1
200501BS00487;;;;;3;9/09/2005;19:14;30;1
200501BS00488;;;;;3;16/09/2005;09:05;30;1
200501BS00489;;;;;3;13/09/2005;21:49;30;1
200501BS00490;;;;;3;10/09/2005;18:27;30;2
200501BS00491;;;;;3;13/09/2005;16:09;30;1
200501BS00492;;;;;3;1/09/2005;14:55;30;1
200501BS00493;;;;;3;15/09/2005;07:40;30;2
200501BS00494;;;;;3;17/09/2005;13:19;30;1
200501BS00495;;;;;3;17/09/2005;10:05;30;1
200501BS00496;;;;;2;25/09/2005;11:42;30;1
200501BS00497;;;;;3;15/09/2005;16:40;30;1
200501BS00498;;;;;3;13/09/2005;04:52;30;1
200501BS00499;;;;;3;20/09/2005;19:01;30;1
200501BS00500;;;;;2;22/09/2005;13:15;30;1
200501BS00501;;;;;2;7/09/2005;07:35;30;1
200501BS00502;;;;;3;15/09/2005;13:50;30;1
200501BS00503;;;;;3;15/09/2005;18:29;30;1
200501BS00504;;;;;3;9/08/2005;14:10;30;1
200501BS00505;;;;;3;12/09/2005;16:21;30;1
200501BS00506;;;;;2;23/09/2005;07:55;30;1
200501BS00507;;;;;3;6/09/2005;23:30;30;1
200501BS00508;;;;;3;28/09/2005;20:45;30;2
200501BS00509;;;;;3;21/10/2005;22:55;30;1
200501BS00510;;;;;3;30/09/2005;16:02;30;1
200501BS00511;;;;;3;26/09/2005;12:15;30;1
200501BS00512;;;;;3;24/09/2005;10:26;30;1
200501BS00513;;;;;3;24/09/2005;12:34;30;1
200501BS00514;;;;;3;29/09/2005;16:00;30;1
200501BS00515;;;;;3;19/09/2005;15:05;30;1
200501BS00516;;;;;3;30/09/2005;16:12;30;1
200501BS00517;;;;;2;27/09/2005;10:20;30;1
200501BS00518;;;;;3;30/09/2005;17:55;30;1
200501BS00519;;;;;3;28/08/2005;19:00;30;1
200501BS00520;;;;;3;3/10/2005;18:33;30;1
200501BS00521;;;;;3;4/10/2005;17:05;30;1
200501BS00522;;;;;2;24/09/2005;15:38;30;1
200501BS00523;;;;;3;23/09/2005;08:30;30;1
200501BS00524;;;;;3;9/10/2005;14:30;30;1
200501BS00525;;;;;3;4/10/2005;21:10;30;1
200501BS00526;;;;;3;8/10/2005;22:50;30;1
200501BS00527;;;;;3;16/09/2005;20:20;30;1
200501BS00528;;;;;3;9/10/2005;20:10;30;1
200501BS00529;;;;;3;12/10/2005;12:10;30;1
200501BS00530;;;;;3;15/10/2005;14:55;30;1
200501BS00531;;;;;3;10/10/2005;16:25;30;1
200501BS00532;;;;;2;6/10/2005;08:27;30;1
200501BS00533;;;;;3;29/09/2005;17:33;30;1
200501BS00534;;;;;3;30/09/2005;15:52;30;2
200501BS00535;;;;;3;6/10/2005;08:22;30;1
200501BS00536;;;;;2;7/09/2005;23:00;30;1
200501BS00537;;;;;3;6/10/2005;07:20;30;1
200501BS00538;;;;;3;8/10/2005;13:35;30;1
200501BS00539;;;;;3;11/10/2005;08:55;30;1
200501BS00540;;;;;3;10/10/2005;11:55;30;1
200501BS00541;;;;;3;10/10/2005;13:40;30;1
200501BS00542;;;;;2;19/10/2005;07:50;30;2
200501BS00543;;;;;2;11/10/2005;08:28;30;1
200501BS00544;;;;;2;12/10/2005;18:15;30;2
200501BS00545;;;;;3;5/10/2005;20:20;30;1
200501BS00546;;;;;3;15/10/2005;09:30;30;1
200501BS00547;;;;;3;15/10/2005;14:04;30;1
200501BS00548;;;;;3;14/10/2005;13:10;30;1
200501BS00549;;;;;3;3/10/2005;08:27;30;1
200501BS00550;;;;;3;8/10/2005;21:20;30;1
200501BS00551;;;;;3;10/10/2005;08:30;30;1
200501BS00552;;;;;3;11/10/2005;08:40;30;1
200501BS00553;;;;;3;17/10/2005;19:35;30;1
200501BS00554;;;;;3;10/10/2005;10:30;30;1
200501BS00555;;;;;3;19/10/2005;09:00;30;1
200501BS00556;;;;;3;16/10/2005;01:30;30;1
200501BS00557;;;;;3;17/10/2005;09:59;30;1
200501BS00558;;;;;3;20/10/2005;01:45;30;4
200501BS00559;;;;;3;19/10/2005;11:40;30;1
200501BS00560;;;;;3;20/10/2005;07:44;30;1
200501BS00561;;;;;3;17/10/2005;16:35;30;1
200501BS00562;;;;;3;19/10/2005;00:25;30;2
200501BS00563;;;;;3;16/10/2005;15:25;30;1
200501BS00564;;;;;3;10/10/2005;08:03;30;1
200501BS00565;;;;;3;19/10/2005;20:15;30;2
200501BS00566;;;;;3;14/10/2005;18:45;30;1
200501BS00567;;;;;3;15/10/2005;12:10;30;1
200501BS00568;;;;;2;19/10/2005;18:26;30;2
200501BS00569;;;;;2;20/10/2005;14:10;30;1
200501BS00570;;;;;3;23/10/2005;13:15;30;1
200501BS00571;;;;;3;22/10/2005;15:53;30;1
200501BS00572;;;;;3;21/10/2005;12:17;30;1
200501BS00573;;;;;3;3/11/2005;08:35;30;1
200501BS00574;;;;;3;21/10/2005;11:39;30;1
200501BS00575;;;;;2;25/10/2005;20:45;30;1
200501BS00576;;;;;3;6/10/2005;16:51;30;1
200501BS00577;;;;;3;27/10/2005;17:00;30;1
200501BS00578;;;;;3;26/10/2005;14:18;30;1
200501BS00579;;;;;3;19/10/2005;22:40;30;2
200501BS00580;;;;;2;23/10/2005;18:20;30;1
200501BS00581;;;;;3;8/10/2005;10:40;30;1
200501BS00582;;;;;3;4/11/2005;17:10;30;1
200501BS00583;;;;;3;27/10/2005;12:30;30;1
200501BS00584;;;;;3;28/10/2005;14:14;30;1
200501BS00585;;;;;2;21/10/2005;11:10;30;2
200501BS00586;;;;;3;1/11/2005;08:40;30;1
200501BS00587;;;;;3;17/10/2005;16:00;30;1
200501BS00588;;;;;3;30/10/2005;15:29;30;1
200501BS00589;;;;;3;2/11/2005;15:50;30;2
200501BS00590;;;;;3;7/11/2005;09:40;30;1
200501BS00591;;;;;3;27/10/2005;17:48;30;1
200501BS00592;;;;;3;15/10/2005;14:54;30;1
200501BS00593;;;;;3;15/10/2005;11:50;30;1
200501BS00594;;;;;3;1/11/2005;19:03;30;2
200501BS00595;;;;;3;28/10/2005;13:55;30;1
200501BS00596;;;;;3;20/10/2005;13:20;30;1
200501BS00597;;;;;3;2/11/2005;20:45;30;2
200501BS00598;;;;;2;26/10/2005;09:56;30;1
200501BS00599;;;;;2;28/10/2005;08:00;30;2
200501BS00600;;;;;3;27/10/2005;16:12;30;1
200501BS00601;;;;;2;21/10/2005;18:23;30;1
200501BS00602;;;;;3;6/11/2005;18:40;30;2
200501BS00603;;;;;3;4/11/2005;10:07;30;1
200501BS00604;;;;;3;26/10/2005;10:50;30;1
200501BS00605;;;;;3;2/11/2005;08:18;30;1
200501BS00606;;;;;2;2/11/2005;11:00;30;2
200501BS00607;;;;;2;6/11/2005;00:50;30;1
200501BS00608;;;;;3;7/11/2005;09:20;30;1
200501BS00609;;;;;3;7/11/2005;17:50;30;1
200501BS00610;;;;;3;2/11/2005;07:10;30;2
200501BS00611;;;;;3;12/11/2005;16:05;30;1
200501BS00612;;;;;3;2/11/2005;01:00;30;2
200501BS00613;;;;;3;2/11/2005;17:00;30;1
200501BS00614;;;;;2;4/11/2005;13:16;30;1
200501BS00615;;;;;2;9/11/2005;13:08;30;1
200501BS00616;;;;;3;9/11/2005;15:24;30;1
200501BS00617;;;;;3;7/11/2005;16:35;30;1
200501BS00618;;;;;3;7/11/2005;18:10;30;1
200501BS00619;;;;;3;3/11/2005;08:22;30;4
200501BS00620;;;;;3;4/11/2005;22:40;30;1
200501BS00621;;;;;3;12/11/2005;19:24;30;1
200501BS00622;;;;;3;12/10/2005;21:35;30;2
200501BS00623;;;;;3;8/11/2005;09:53;30;1
200501BS00624;;;;;3;2/11/2005;19:44;30;2
200501BS00625;;;;;3;7/11/2005;16:14;30;1
200501BS00626;;;;;3;10/11/2005;10:00;30;1
200501BS00627;;;;;3;4/11/2005;14:20;30;1
200501BS00628;;;;;2;7/11/2005;09:50;30;1
200501BS00629;;;;;3;8/11/2005;18:20;30;1
200501BS00630;;;;;3;8/11/2005;16:16;30;1
200501BS00631;;;;;3;10/11/2005;14:10;30;1
200501BS00632;;;;;3;27/10/2005;12:06;30;1
200501BS00633;;;;;3;15/11/2005;17:04;30;1
200501BS00634;;;;;3;19/11/2005;13:10;30;1
200501BS00635;;;;;3;15/11/2005;12:01;30;1
200501BS00636;;;;;3;11/11/2005;15:13;30;1
200501BS00637;;;;;3;6/11/2005;10:43;30;2
200501BS00638;;;;;3;21/11/2005;18:25;30;2
200501BS00639;;;;;2;16/11/2005;23:40;30;1
200501BS00640;;;;;3;18/11/2005;09:10;30;1
200501BS00641;;;;;3;9/11/2005;07:04;30;1
200501BS00642;;;;;3;11/11/2005;18:09;30;2
200501BS00643;;;;;2;11/11/2005;08:50;30;1
200501BS00644;;;;;3;18/11/2005;11:05;30;1
200501BS00645;;;;;3;13/11/2005;15:57;30;1
200501BS00646;;;;;3;29/09/2005;12:20;30;1
200501BS00647;;;;;3;20/11/2005;01:20;30;1
200501BS00648;;;;;3;17/11/2005;10:45;30;1
200501BS00649;;;;;3;11/11/2005;14:25;30;1
200501BS00650;;;;;3;3/11/2005;18:20;30;1
200501BS00651;;;;;3;16/11/2005;20:05;30;4
200501BS00652;;;;;3;29/11/2005;10:25;30;1
200501BS00653;;;;;3;24/11/2005;18:30;30;2
200501BS00654;;;;;3;17/11/2005;12:08;30;1
200501BS00655;;;;;2;27/11/2005;17:30;30;1
200501BS00656;;;;;3;18/11/2005;13:01;30;1
200501BS00657;;;;;3;18/11/2005;10:10;30;1
200501BS00658;;;;;3;2/12/2005;09:15;30;1
200501BS00659;;;;;3;2/12/2005;11:20;30;1
200501BS00660;;;;;3;23/11/2005;07:40;30;1
200501BS00661;;;;;3;21/10/2005;08:45;30;2
200501BS00662;;;;;3;23/11/2005;09:50;30;1
200501BS00663;;;;;3;19/11/2005;21:40;30;1
200501BS00664;;;;;3;13/11/2005;11:45;30;1
200501BS00665;;;;;3;22/11/2005;13:52;30;1
200501BS00666;;;;;3;23/11/2005;09:35;30;1
200501BS00667;;;;;3;2/12/2005;03:35;30;2
200501BS00668;;;;;3;25/11/2005;13:07;30;1
200501BS00669;;;;;3;28/11/2005;15:25;30;1
200501BS00670;;;;;3;22/10/2005;07:50;30;1
200501BS00671;;;;;3;22/11/2005;06:30;30;1
200501BS00672;;;;;2;28/11/2005;19:45;30;1
200501BS00673;;;;;3;28/11/2005;13:00;30;1
200501BS00674;;;;;3;25/11/2005;08:30;30;1
200501BS00675;;;;;3;2/12/2005;12:09;30;1
200501BS00676;;;;;3;11/08/2005;07:15;30;1
200501BS00677;;;;;3;21/12/2005;14:35;30;1
200501BS00678;;;;;3;1/12/2005;16:47;30;2
200501BS00679;;;;;3;29/11/2005;18:30;30;1
200501BS00680;;;;;3;3/12/2005;01:45;30;1
200501BS00681;;;;;3;7/12/2005;19:30;30;2
200501BS00682;;;;;3;3/12/2005;13:00;30;1
200501BS00683;;;;;3;6/12/2005;15:10;30;1
200501BS00684;;;;;3;8/12/2005;15:55;30;1
200501BS00685;;;;;2;12/12/2005;16:15;30;1
200501BS00686;;;;;3;10/12/2005;18:45;30;1
200501BS00687;;;;;3;7/12/2005;16:32;30;1
200501BS00688;;;;;2;3/12/2005;16:30;30;8
200501BS00689;;;;;3;6/12/2005;10:24;30;1
200501BS00690;;;;;3;5/12/2005;16:08;30;2
200501BS00691;;;;;3;3/12/2005;05:15;30;1
200501BS00692;;;;;3;9/12/2005;22:08;30;1
200501BS00693;;;;;3;13/12/2005;23:36;30;1
200501BS00694;;;;;3;13/12/2005;16:40;30;1
200501BS00695;;;;;3;16/12/2005;00:55;30;1
200501BS00696;;;;;3;17/12/2005;07:10;30;1
200501BS00697;;;;;3;28/12/2005;21:30;30;1
200501BS00698;;;;;3;18/12/2005;18:15;30;1
200501BS00699;;;;;3;9/12/2005;11:05;30;1
200501BS00700;;;;;3;1/12/2005;01:47;30;1
200501BS00701;;;;;3;18/12/2005;08:21;30;1
200501BS00702;;;;;3;9/12/2005;15:28;30;1
200501BS00703;;;;;2;17/12/2005;01:07;30;1
200501BS00704;;;;;3;17/12/2005;16:30;30;1
200501BS00705;;;;;2;8/12/2005;11:05;30;1
200501BS00706;;;;;3;25/11/2005;15:45;30;1
200501BS00707;;;;;2;10/12/2005;11:29;30;1
200501BS00708;;;;;2;16/12/2005;16:20;30;1
200501BS00709;;;;;3;9/12/2005;18:14;30;1
200501BS00710;;;;;3;14/12/2005;16:16;30;1
200501BS00711;;;;;3;19/12/2005;17:10;30;1
200501BS00712;;;;;3;21/12/2005;18:45;30;1
200501BS00713;;;;;3;28/12/2005;12:35;30;1
200501BS00714;;;;;2;23/12/2005;19:00;30;1
200501BS00715;;;;;3;28/12/2005;14:20;30;1
200501BS00716;;;;;2;30/11/2005;11:20;30;1
200501BS00717;;;;;3;28/11/2005;17:15;30;1
200501BS00718;;;;;3;19/12/2005;14:57;30;1
200501BS00719;;;;;3;17/12/2005;11:29;30;1
200501BS00720;;;;;3;19/12/2005;17:15;30;1
200501BS00721;;;;;3;17/12/2005;00:41;30;1
200501BS00722;;;;;3;15/12/2005;03:27;30;1
200501BS00723;;;;;3;29/12/2005;20:10;30;1
200501BS00724;;;;;3;30/12/2005;16:40;30;5
200501BS00725;;;;;3;30/12/2005;18:00;30;7
200501BS00726;;;;;3;19/12/2005;09:20;30;1
200501BS00727;;;;;3;20/12/2005;12:40;30;1
200501BS00728;;;;;3;29/12/2005;17:05;30;1
200501BS00729;;;;;3;19/12/2005;10:40;30;8
200501BS00730;;;;;2;21/12/2005;21:25;30;1
200501BS00731;;;;;3;20/12/2005;22:20;30;1
200501BS00732;;;;;3;21/12/2005;06:44;30;1
200501BS00733;;;;;3;17/11/2005;11:55;30;1
200501BS00734;;;;;3;19/12/2005;10:05;30;1
200501BS00735;;;;;2;23/12/2005;05:50;30;1
200501BS00736;;;;;3;29/12/2005;13:20;30;1
200501BS00737;;;;;3;31/12/2005;21:29;30;1
200501BS00738;;;;;3;27/12/2005;10:32;30;3
200501BS00739;;;;;3;27/12/2005;14:00;30;1
200501BS00740;;;;;3;12/12/2005;21:30;30;1
200501BS00741;;;;;2;12/12/2005;08:30;30;1
200501BS00742;;;;;3;1/09/2005;17:15;30;1
200501BS00743;;;;;2;6/12/2005;19:23;30;1
200501BS00744;;;;;3;1/01/2005;22:50;30;1
200501BS00745;;;;;3;2/01/2005;20:50;30;1
200501BS00746;;;;;3;2/01/2005;10:02;30;1
200501BS00747;;;;;3;8/01/2005;02:45;30;2
200501BS00748;;;;;3;4/01/2005;12:30;30;1
200501BS00749;;;;;2;7/01/2005;18:05;30;1
200501BS00750;;;;;2;10/01/2005;10:00;30;1
200501BS00751;;;;;2;10/01/2005;15:00;30;2
200501BS00752;;;;;2;11/01/2005;11:59;30;2
200501BS00753;;;;;3;18/01/2005;02:45;30;2
200501BS00754;;;;;3;14/01/2005;14:22;30;1
200501BS00755;;;;;3;15/01/2005;12:25;30;1
200501BS00756;;;;;3;19/01/2005;07:30;30;1
200501BS00757;;;;;3;22/01/2005;00:30;30;1
200501BS00758;;;;;3;23/01/2005;14:35;30;1
200501BS00759;;;;;2;28/01/2005;17:45;30;2
200501BS00760;;;;;2;1/02/2005;22:30;30;1
200501BS00761;;;;;3;7/02/2005;15:30;30;1
200501BS00762;;;;;3;3/02/2005;04:52;30;1
200501BS00763;;;;;3;20/01/2005;23:20;30;2
200501BS00764;;;;;3;17/02/2005;16:00;30;2
200501BS00765;;;;;3;10/02/2005;18:50;30;2
200501BS00766;;;;;3;15/02/2005;08:25;30;1
200501BS00767;;;;;3;5/02/2005;16:20;30;1
200501BS00768;;;;;3;18/02/2005;21:00;30;1
200501BS00769;;;;;3;23/02/2005;13:05;30;1
200501BS00770;;;;;3;2/02/2005;08:30;30;1
200501BS00771;;;;;3;17/02/2005;16:00;30;1
200501BS00772;;;;;3;2/02/2005;09:20;30;1
200501BS00773;;;;;3;25/02/2005;11:15;30;3
200501BS00774;;;;;3;15/02/2005;19:05;30;1
200501BS00775;;;;;2;28/02/2005;07:25;30;1
200501BS00776;;;;;3;23/02/2005;11:40;30;1
200501BS00777;;;;;3;6/02/2005;15:10;30;1
200501BS00778;;;;;2;3/03/2005;13:31;30;1
200501BS00779;;;;;3;5/03/2005;13:00;30;1
200501BS00780;;;;;3;12/03/2005;15:45;30;1
200501BS00781;;;;;3;23/03/2005;10:05;30;1
200501BS00782;;;;;2;7/03/2005;22:26;30;2
200501BS00783;;;;;2;15/03/2005;15:15;30;1
200501BS00784;;;;;3;10/03/2005;21:15;30;1
200501BS00785;;;;;3;11/03/2005;18:00;30;1
200501BS00786;;;;;3;13/03/2005;10:41;30;1
200501BS00787;;;;;3;14/03/2005;17:00;30;1
200501BS00788;;;;;3;15/03/2005;11:26;30;1
200501BS00789;;;;;3;17/03/2005;06:35;30;1
200501BS00790;;;;;3;21/03/2005;08:30;30;1
200501BS00791;;;;;3;29/03/2005;07:13;30;1
200501BS00792;;;;;3;30/03/2005;09:45;30;1
200501BS00793;;;;;3;30/03/2005;15:30;30;8
200501BS00794;;;;;3;4/04/2005;19:30;30;1
200501BS00795;;;;;3;4/04/2005;07:15;30;1
200501BS00796;;;;;3;6/04/2005;17:15;30;1
200501BS00797;;;;;3;6/04/2005;19:05;30;1
200501BS00798;;;;;2;1/04/2005;20:50;30;1
200501BS00799;;;;;3;7/04/2005;18:00;30;8
200501BS00800;;;;;3;7/04/2005;12:05;30;1
200501BS00801;;;;;3;11/04/2005;10:59;30;1
200501BS00802;;;;;3;12/04/2005;18:15;30;1
200501BS00803;;;;;3;15/04/2005;06:58;30;1
200501BS00804;;;;;3;16/04/2005;16:52;30;1
200501BS00805;;;;;3;19/04/2005;14:30;30;1
200501BS00806;;;;;3;19/05/2005;16:55;30;1
200501BS00807;;;;;3;20/04/2005;14:00;30;1
200501BS00808;;;;;3;19/03/2005;15:33;30;1
200501BS00809;;;;;3;21/04/2005;13:00;30;1
200501BS00810;;;;;3;22/04/2005;08:40;30;1
200501BS00811;;;;;3;22/04/2005;06:50;30;1
200501BS00812;;;;;2;25/04/2005;13:30;30;1
200501BS00813;;;;;3;28/04/2005;09:05;30;1
200501BS00814;;;;;3;29/04/2005;12:55;30;1
200501BS00815;;;;;3;18/03/2005;13:45;30;1
200501BS00816;;;;;3;24/04/2005;09:55;30;1
200501BS00817;;;;;3;2/05/2005;14:45;30;1
200501BS00818;;;;;3;5/05/2005;15:40;30;1
200501BS00819;;;;;3;7/05/2005;16:17;30;1
200501BS00820;;;;;3;9/05/2005;09:08;30;1
200501BS00821;;;;;3;9/05/2005;12:26;30;1
200501BS00822;;;;;3;11/05/2005;08:30;30;1
200501BS00823;;;;;3;12/05/2005;22:10;30;1
200501BS00824;;;;;3;12/05/2005;08:50;30;1
200501BS00825;;;;;3;12/05/2005;09:00;30;1
200501BS00826;;;;;1;18/05/2005;18:30;30;1
200501BS00827;;;;;3;17/05/2005;18:45;30;1
200501BS00828;;;;;3;19/05/2005;18:57;30;1
200501BS00829;;;;;3;19/05/2005;12:50;30;1
200501BS00830;;;;;3;15/04/2005;16:50;30;2
200501BS00831;;;;;2;25/05/2005;14:00;30;1
200501BS00832;;;;;3;20/05/2005;16:28;30;1
200501BS00833;;;;;3;24/05/2005;13:40;30;1
200501BS00834;;;;;3;25/05/2005;04:07;30;1
200501BS00835;;;;;3;25/05/2005;07:50;30;1
200501BS00836;;;;;3;25/05/2005;17:50;30;1
200501BS00837;;;;;3;26/05/2005;12:25;30;1
200501BS00838;;;;;3;31/05/2005;15:00;30;1
200501BS00839;;;;;3;31/05/2005;23:37;30;1
200501BS00840;;;;;3;11/05/2005;07:15;30;1
200501BS00841;;;;;3;1/06/2005;08:45;30;1
200501BS00842;;;;;2;1/06/2005;18:10;30;2
200501BS00843;;;;;3;4/06/2005;16:26;30;1
200501BS00844;;;;;3;6/06/2005;15:00;30;1
200501BS00845;;;;;3;7/06/2005;17:15;30;1
200501BS00846;;;;;3;8/06/2005;23:45;30;1
200501BS00847;;;;;2;9/06/2005;15:00;30;1
200501BS00848;;;;;3;4/06/2005;00:40;30;1
200501BS00849;;;;;3;9/06/2005;17:50;30;1
200501BS00850;;;;;3;11/06/2005;06:35;30;1
200501BS00851;;;;;3;11/06/2005;13:44;30;1
200501BS00852;;;;;3;13/06/2005;00:04;30;1
200501BS00853;;;;;3;13/06/2005;17:20;30;1
200501BS00854;;;;;3;14/06/2005;17:10;30;1
200501BS00855;;;;;3;14/06/2005;17:29;30;1
200501BS00856;;;;;3;15/06/2005;13:46;30;8
200501BS00857;;;;;2;18/06/2005;08:00;30;1
200501BS00858;;;;;3;17/06/2005;13:15;30;1
200501BS00859;;;;;3;9/05/2005;22:37;30;1
200501BS00860;;;;;3;20/06/2005;08:15;30;1
200501BS00861;;;;;3;20/06/2005;10:35;30;1
200501BS00862;;;;;3;21/06/2005;09:20;30;1
200501BS00863;;;;;3;22/06/2005;13:15;30;1
200501BS00864;;;;;3;24/06/2005;08:40;30;1
200501BS00865;;;;;3;27/06/2005;13:52;30;1
200501BS00866;;;;;2;24/06/2005;16:29;30;1
200501BS00867;;;;;2;24/06/2005;23:00;30;9
200501BS00868;;;;;3;27/06/2005;08:45;30;1
200501BS00869;;;;;3;28/06/2005;08:36;30;1
200501BS00870;;;;;3;29/06/2005;13:00;30;1
200501BS00871;;;;;3;30/06/2005;16:57;30;2
200501BS00872;;;;;3;21/06/2005;08:40;30;1
200501BS00873;;;;;3;1/07/2005;17:45;30;1
200501BS00874;;;;;3;2/07/2005;13:35;30;1
200501BS00875;;;;;3;5/07/2005;13:46;30;1
200501BS00876;;;;;3;6/07/2005;15:05;30;1
200501BS00877;;;;;3;7/07/2005;08:00;30;1
200501BS00878;;;;;3;8/07/2005;17:25;30;1
200501BS00879;;;;;3;8/07/2005;11:22;30;1
200501BS00880;;;;;3;10/07/2005;16:40;30;1
200501BS00881;;;;;2;11/07/2005;08:30;30;1
200501BS00882;;;;;3;12/07/2005;11:20;30;1
200501BS00883;;;;;3;15/07/2005;09:20;30;1
200501BS00884;;;;;3;15/07/2005;11:00;30;1
200501BS00885;;;;;3;19/07/2005;11:05;30;1
200501BS00886;;;;;3;19/07/2005;21:09;30;1
200501BS00887;;;;;3;20/07/2005;09:35;30;1
200501BS00888;;;;;3;20/07/2005;17:45;30;1
200501BS00889;;;;;3;24/07/2005;00:33;30;1
200501BS00890;;;;;3;25/07/2005;17:40;30;1
200501BS00891;;;;;3;26/07/2005;07:55;30;1
200501BS00892;;;;;3;22/07/2005;09:57;30;1
200501BS00893;;;;;3;25/07/2005;16:46;30;1
200501BS00894;;;;;3;25/07/2005;17:15;30;1
200501BS00895;;;;;3;26/07/2005;19:23;30;1
200501BS00896;;;;;3;27/07/2005;07:25;30;2
200501BS00897;;;;;2;27/07/2005;13:15;30;2
200501BS00898;;;;;3;22/07/2005;10:15;30;1
200501BS00899;;;;;2;28/07/2005;17:00;30;1
200501BS00900;;;;;3;28/07/2005;18:30;30;1
200501BS00901;;;;;3;15/07/2005;10:45;30;1
200501BS00902;;;;;3;1/08/2005;13:00;30;1
200501BS00903;;;;;3;1/08/2005;14:39;30;1
200501BS00904;;;;;2;2/08/2005;08:00;30;1
200501BS00905;;;;;3;3/08/2005;09:00;30;1
200501BS00906;;;;;3;3/08/2005;09:50;30;1
200501BS00907;;;;;3;3/08/2005;14:15;30;1
200501BS00908;;;;;3;3/08/2005;20:20;30;1
200501BS00909;;;;;2;4/08/2005;17:00;30;1
200501BS00910;;;;;3;5/08/2005;08:55;30;8
200501BS00911;;;;;3;10/08/2005;07:50;30;1
200501BS00912;;;;;3;10/08/2005;09:22;30;1
200501BS00913;;;;;3;10/08/2005;09:52;30;1
200501BS00914;;;;;3;10/08/2005;14:40;30;1
200501BS00915;;;;;3;12/08/2005;09:50;30;1
200501BS00916;;;;;2;13/08/2005;12:40;30;1
200501BS00917;;;;;3;15/08/2005;06:40;30;1
200501BS00918;;;;;3;3/08/2005;18:20;30;1
200501BS00919;;;;;3;17/08/2005;23:45;30;1
200501BS00920;;;;;3;19/08/2005;11:00;30;1
200501BS00921;;;;;3;17/08/2005;11:34;30;1
200501BS00922;;;;;3;21/08/2005;01:00;30;1
200501BS00923;;;;;2;30/08/2005;04:40;30;1
200501BS00924;;;;;3;25/08/2005;12:58;30;1
200501BS00925;;;;;2;25/08/2005;18:21;30;1
200501BS00926;;;;;2;25/08/2005;00:41;30;1
200501BS00927;;;;;3;25/08/2005;22:36;30;1
200501BS00928;;;;;3;25/08/2005;22:07;30;1
200501BS00929;;;;;3;26/08/2005;20:56;30;1
200501BS00930;;;;;2;31/08/2005;08:27;30;1
200501BS00931;;;;;3;31/08/2005;11:00;30;1
200501BS00932;;;;;3;16/08/2005;08:00;30;1
200501BS00933;;;;;3;16/08/2005;18:27;30;1
200501BS00934;;;;;3;4/09/2005;13:21;30;1
200501BS00935;;;;;2;6/09/2005;10:22;30;1
200501BS00936;;;;;3;7/09/2005;18:45;30;1
200501BS00937;;;;;3;8/09/2005;08:05;30;1
200501BS00938;;;;;3;9/09/2005;23:33;30;1
200501BS00939;;;;;3;12/09/2005;10:30;30;1
200501BS00940;;;;;3;12/09/2005;08:40;30;2
200501BS00941;;;;;3;13/09/2005;17:20;30;1
200501BS00942;;;;;3;13/09/2005;08:55;30;1
200501BS00943;;;;;3;16/09/2005;12:05;30;1
200501BS00944;;;;;3;16/09/2005;12:50;30;1
200501BS00945;;;;;3;12/09/2005;18:21;30;1
200501BS00946;;;;;3;19/09/2005;18:22;30;1
200501BS00947;;;;;3;19/09/2005;12:30;30;1
200501BS00948;;;;;3;20/09/2005;17:50;30;1
200501BS00949;;;;;3;21/09/2005;03:40;30;1
200501BS00950;;;;;3;20/09/2005;07:03;30;1
200501BS00951;;;;;3;20/09/2005;09:00;30;1
200501BS00952;;;;;3;20/09/2005;15:35;30;1
200501BS00953;;;;;3;21/09/2005;08:40;30;1
200501BS00954;;;;;2;23/09/2005;20:34;30;1
200501BS00955;;;;;2;16/09/2005;22:11;30;1
200501BS00956;;;;;3;21/09/2005;18:35;30;1
200501BS00957;;;;;3;22/09/2005;14:08;30;1
200501BS00958;;;;;3;22/09/2005;16:45;30;1
200501BS00959;;;;;3;23/09/2005;16:32;30;1
200501BS00960;;;;;2;7/09/2005;17:33;30;1
200501BS00961;;;;;3;26/09/2005;10:00;30;1
200501BS00962;;;;;3;26/09/2005;10:39;30;5
200501BS00963;;;;;3;26/09/2005;18:31;30;1
200501BS00964;;;;;3;27/09/2005;17:17;30;1
200501BS00965;;;;;3;15/09/2005;20:50;30;1
200501BS00966;;;;;3;5/08/2005;08:43;30;8
200501BS00967;;;;;3;28/09/2005;17:23;30;1
200501BS00968;;;;;3;30/09/2005;10:45;30;8
200501BS00969;;;;;3;30/09/2005;19:40;30;1
200501BS00970;;;;;3;30/09/2005;21:17;30;2
200501BS00971;;;;;3;6/10/2005;15:53;30;1
200501BS00972;;;;;3;13/10/2005;06:25;30;2
200501BS00973;;;;;3;23/08/2005;10:01;30;1
200501BS00974;;;;;3;13/10/2005;13:50;30;2
200501BS00975;;;;;3;13/10/2005;16:30;30;8
200501BS00976;;;;;3;16/10/2005;21:25;30;2
200501BS00977;;;;;3;21/10/2005;11:00;30;2
200501BS00978;;;;;3;21/10/2005;16:40;30;1
200501BS00979;;;;;3;21/10/2005;17:50;30;1
200501BS00980;;;;;3;24/10/2005;08:50;30;2
200501BS00981;;;;;3;25/10/2005;18:25;30;1
200501BS00982;;;;;3;25/10/2005;19:15;30;4
200501BS00983;;;;;3;25/10/2005;22:31;30;1
200501BS00984;;;;;3;26/10/2005;08:55;30;1
200501BS00985;;;;;3;27/10/2005;08:35;30;1
200501BS00986;;;;;3;27/10/2005;14:05;30;1
200501BS00987;;;;;3;27/10/2005;11:52;30;1
200501BS00988;;;;;3;28/10/2005;13:39;30;1
200501BS00989;;;;;3;6/10/2005;12:04;30;1
200501BS00990;;;;;3;3/10/2005;09:32;30;1
200501BS00991;;;;;3;4/10/2005;22:10;30;1
200501BS00992;;;;;2;3/11/2005;14:05;30;4
200501BS00993;;;;;2;3/11/2005;15:00;30;1
200501BS00994;;;;;2;3/11/2005;22:20;30;1
200501BS00995;;;;;2;4/11/2005;16:00;30;1
200501BS00996;;;;;2;6/11/2005;07:50;30;1
200501BS00997;;;;;2;8/11/2005;08:45;30;1
200501BS00998;;;;;2;8/11/2005;21:00;30;8
200501BS00999;;;;;2;9/11/2005;22:30;30;2
200501BS01000;;;;;2;9/11/2005;14:31;30;1
200501BS01001;;;;;2;11/10/2005;15:25;30;1
